a,1597
south,32
slope,6
is,863
the,4503
ideal,19
situation,21
for,811
garden,95
since,3
it,656
insures,4
good,125
drainage,25
and,2062
greatest,8
amount,27
of,2174
sunlight,8
should,440
also,43
be,1126
open,67
to,1551
east,23
west,21
if,280
possible,49
that,327
may,403
have,211
benefit,8
morning,20
evening,4
sun,43
shelter,5
on,328
north,47
desirable,50
as,609
winds,11
are,530
disastrous,2
roses,30
tender,41
perennials,24
partial,8
given,50
in,1585
localities,2
where,129
prevailing,2
winter,136
from,401
quarter,4
side,57
building,14
or,788
even,37
high,38
fence,10
with,569
trees,24
tall,31
shrubs,28
at,211
little,82
distance,17
best,109
though,36
any,138
site,9
receives,3
abundant,15
sunshine,28
through,63
early,78
afternoon,4
made,50
satisfactory,20
by,333
planting,80
always,34
rear,9
dwelling,1
never,38
front,16
along,10
street,3
reasons,2
this,296
obvious,2
proper,29
intended,10
furnish,7
cut,53
flowers,187
provide,8
place,105
experiment,3
new,66
varieties,87
grow,90
hardy,79
which,194
certain,8
seasons,10
bloom,126
cannot,22
depended,7
upon,19
all,247
times,10
ornamental,28
effect,28
one,220
feel,3
free,36
work,78
there,114
unobserved,1
passerby,1
impossible,9
close,23
again,18
while,60
permanent,14
beautiful,24
itself,18
not,320
suitable,39
lawn,44
greatly,26
mars,2
grounds,15
beds,107
foliage,70
plantscannas,1
ricinus,19
coleus,16
likeappropriately,1
placed,32
add,17
much,104
beauty,24
wellkept,1
but,202
carefully,18
considered,4
relation,1
its,102
size,59
shrubbery,10
already,5
small,55
city,8
more,180
than,154
such,64
bed,132
allowed,40
large,83
three,89
will,423
give,91
better,103
great,34
number,32
especially,39
care,77
taken,29
them,223
visible,1
different,16
points,10
house,79
isolating,1
so,115
placing,9
clumps,10
intervene,1
using,34
these,80
rather,24
background,15
hammock,3
amateur,15
gardener,20
most,93
enjoy,4
results,34
her,8
labour,11
she,6
find,15
leisure,2
watch,5
growth,97
plants,491
compare,4
note,4
improve,4
vista,1
arrangement,13
next,11
year,68
observe,1
effects,6
locality,1
peculiarities,1
plant,212
escape,3
when,322
busy,2
trowel,10
wateringpot,9
view,3
first,70
consideration,5
very,124
put,29
remote,1
space,10
lawnfour,1
centre,42
twelvefoot,8
bedsurrounded,1
row,32
salvia,12
splendens,4
edged,3
gem,3
sweet,15
alyssum,12
nearer,3
an,193
eightfoot,4
largeflowered,5
cannas,34
introduced,2
second,32
caladiums,20
sixfoot,2
grassesarundo,1
donax,3
erianthus,4
ravennæ,3
eulalia,4
gracillima,3
univittatawill,1
make,87
third,11
rich,27
tropical,4
distinction,2
other,125
class,11
ample,3
watersupply,6
elevated,7
few,63
inches,119
above,32
conspicuous,2
hot,36
dry,87
water,220
must,133
carried,8
set,81
slightly,9
lower,15
available,13
moisture,48
utilised,3
margin,2
around,51
edges,3
mower,2
run,18
without,53
injuring,3
then,35
use,75
lawnshears,1
call,4
trimmed,5
lawns,4
unless,21
grass,22
can,71
properly,5
cared,10
exclude,2
part,35
entirely,20
time,141
thrown,5
away,35
presently,2
hidden,1
weeds,17
neglected,8
involves,1
semiannual,1
cleaning,3
spring,80
fall,74
out,171
proportion,13
well,105
raked,2
easily,64
each,82
recurring,1
growing,62
clean,13
straight,5
rake,4
passing,2
freely,56
scheme,3
decided,4
shape,9
plot,8
ground,139
command,2
irregular,1
sometimes,21
lending,1
graceful,6
symmetrical,6
operation,2
laying,11
same,47
whatever,4
having,18
boundaries,2
mark,13
outlines,2
cord,5
attached,8
pegs,4
driven,7
into,126
sod,8
removed,50
entire,11
area,5
cutting,19
just,17
below,25
crown,20
arrangements,1
shown,9
accompanying,2
illustrations,2
two,107
onehalf,6
feet,63
walks,17
advantage,18
finding,2
driving,3
stake,7
loosely,4
off,62
half,32
diameter,5
desired,30
four,44
five,33
six,41
feetfasten,1
point,24
sharp,19
stick,9
describe,2
circle,14
way,88
outlined,1
inner,1
outer,7
circles,10
round,5
oval,1
measured,2
defined,1
stakes,10
width,8
reached,6
across,12
weeding,2
cultivating,6
soil,231
has,97
been,40
previously,3
cultivated,7
spaded,3
least,19
deep,51
thoroughly,26
pulverised,2
roots,135
stones,8
clayey,3
gravelly,1
remove,55
fill,29
adapted,5
surface,53
several,38
laid,11
aside,2
poorer,2
subsoil,5
dug,11
surfacesoil,6
replaced,5
bottom,28
liberal,10
quantity,21
old,88
wellrotted,16
manure,120
filled,24
original,7
level,9
leafmould,31
muck,32
retained,5
topsoil,8
topdressing,3
spade,8
replace,12
humus,1
furnishes,5
food,9
form,56
young,29
therefore,9
left,33
turned,9
under,55
usually,41
done,29
nature,4
turns,2
upside,1
down,47
nor,10
wise,3
except,13
richer,4
added,11
necessary,64
making,30
worked,9
before,81
need,48
no,106
enriching,1
excellent,28
secured,11
pushing,3
long,61
whole,12
length,18
blade,1
twisting,2
breaks,1
up,98
mellows,1
effectually,2
turning,7
over,79
leaves,108
top,35
plantroots,1
get,22
later,8
grows,9
sturdier,2
stretches,1
search,4
manureenriched,1
earth,81
attract,2
draw,8
cool,35
moist,42
depths,1
heat,26
drought,3
mellow,18
nourishing,1
start,32
they,436
perish,2
reach,11
storehouse,1
provided,14
mature,1
prepare,11
i,66
am,3
aware,1
together,17
method,19
average,1
man,2
who,21
had,22
some,74
experience,7
farming,2
flowergrower,1
follow,5
methods,5
safety,1
after,61
spading,5
inclose,2
material,10
brick,3
cement,8
curbing,4
narrow,9
boards,16
fourinch,8
siding,3
inch,42
held,2
wood,37
waggon,1
spokes,1
found,35
blacksmiths,1
cheapest,5
quickly,21
constructed,3
inclosure,1
quite,29
covered,32
borderplants,1
dustymiller,2
phlox,17
subulata,3
coat,3
dullgreen,1
paint,4
shinglestain,1
being,77
illustration,39
grasses,8
protection,41
lessens,2
caring,12
borders,14
attractive,18
involve,2
altogether,1
kept,51
closely,12
shaved,1
constantly,17
encroaching,1
curbed,1
case,33
look,13
supreme,1
nuisance,5
gravel,3
cinders,1
coalashes,3
preferable,7
enough,52
smother,1
used,53
paths,4
nearly,17
roughest,1
gone,4
heavy,11
roller,1
unrolled,1
however,26
firm,7
hard,24
rain,16
inexpensive,1
obtained,15
manner,5
kind,15
hoed,1
hand,8
hardness,1
smoothness,1
requisites,1
walk,1
avoid,12
selfsowing,1
like,69
petunias,12
near,21
inside,14
come,32
thousands,2
only,66
salting,1
scalding,1
uprooting,1
those,29
containing,11
peonies,5
lilies,31
standing,8
their,126
absolutely,7
fatal,6
location,10
consequent,1
determine,4
occupy,1
you,102
fortunate,3
corner,22
low,22
damp,13
shaded,4
japanese,38
iris,25
cypripedium,2
acaule,2
moistureloving,2
gladiolus,7
prominent,1
full,48
asters,15
do,128
until,97
less,30
showy,8
fail,9
attention,13
wherever,7
planted,63
pansies,28
lowgrowing,3
general,15
finer,21
flower,76
grown,108
harmonising,4
colour,50
tallest,3
others,21
grouped,6
according,17
height,19
various,21
edgings,7
due,3
key,2
plate,5
giving,28
season,58
etc,6
pansiesall,1
summer,78
amontbretias,1
corners,14
scarlet,41
orange,9
2,20
3,24
feetall,1
bgladioli,1
variety,57
4,18
feetseptember,3
october,6
ctuberoses,1
feetaugust,5
september,16
border,23
blooming,75
oxalis,8
pink,43
white,143
6,10
inchesall,1
mound,1
1dark,1
red,27
peony,9
feetmay,1
2white,1
feetjune,4
3pink,1
4large,1
flowered,5
perennial,23
phloxaugust,1
x,9
aauratum,1
lily,54
bspeciosum,1
album,3
cmelpomene,1
dauratum,1
elongiflorum,1
frubrum,1
gcandidum,1
borderphlox,1
bedanemones,1
whirlwind,2
queen,12
charlotte,5
borderwood,1
anemones,4
bedasters,1
borderauricula,1
8,11
inchesmay,1
mass,6
effective,23
mixed,25
beginner,1
percentage,1
success,9
greater,7
requiring,5
conditions,21
trying,2
force,4
widely,1
habits,3
many,59
deserve,2
succession,8
throughout,7
raised,32
interspersed,1
largeblooming,1
bordered,1
japan,5
hollyhocks,5
hibiscus,13
dwarf,22
drummondii,2
months,7
lovely,15
last,24
combination,6
makes,19
serviceable,1
screen,5
between,43
vegetable,8
hide,1
arranging,5
particoloured,4
paid,12
tints,2
combine,1
magenta,2
purple,18
blue,37
separate,7
interposition,1
whitethe,1
valuable,25
harmonises,1
colours,17
wonderfully,2
enhances,1
brilliancy,1
yellow,40
lavender,13
heliotrope,20
shades,10
rose,47
increase,19
apparent,5
bright,13
bringing,6
decrease,1
monkshood,7
larkspur,3
diagrams,3
assistance,2
planning,6
gardennot,1
supplying,1
plans,2
followed,8
literally,4
suggesting,1
variations,1
practical,4
information,12
required,22
apart,69
details,2
treated,8
elsewhere,2
see,340
ii,2
neither,7
turf,2
neatly,2
60,14
40,6
inclosing,1
considerable,18
gives,9
room,64
rustic,1
seats,1
stationary,2
tree,10
increases,2
accommodation,1
spot,11
lilypond,4
discussed,1
chapter,31
devoted,1
aquatic,4
complicated,1
design,5
iii,2
rosegarden,4
foliagebeds,3
difficult,16
construct,2
practice,6
paper,19
pencil,2
obstacle,1
scale,2
foot,24
compass,2
eight,33
twelve,28
fifteen,16
nineteen,2
respectively,1
foundation,24
plan,9
now,9
divide,6
fourth,5
fifths,1
4½,1
14,17
fifth,3
midway,1
leave,9
crescentshaped,1
crescents,8
lines,9
parallel,4
remaining,4
spaces,5
triangular,2
convenience,4
called,10
name,8
color,2
1,12
hypericum,5
deutzia,4
gracilis,3
june,24
lychnis,11
roseum,3
spiræa,13
filipendula,7
0,15
5,23
platycodon,2
anemone,4
7,9
anthony,4
crimson,23
waterer,4
foxglove,3
9,13
10,17
11,22
july,8
12,11
veronica,3
august,17
13,6
van,8
houttei,4
15,31
fischeri,1
pale,7
16,17
var,4
17,5
uncinatum,1
dark,19
18,15
bocconia,1
cream,3
herbaceous,10
pereum,1
edging,10
radiating,3
drawn,6
cross,5
upper,10
bedsthe,1
formed,7
radii,3
forming,8
sides,21
ends,12
curved,2
completed,5
pole,3
ruler,1
crescent,1
lefthand,1
concave,1
cornerthe,1
intervening,1
passed,7
hole,19
end,35
fastened,9
nail,2
horizontally,2
turn,11
holes,3
distancessix,1
drive,3
movable,1
firmly,14
finished,3
slip,4
marking,5
peg,3
fit,5
ninefoot,6
edge,15
approximate,2
loss,9
curve,1
about,66
equalling,1
fractional,1
caused,5
multiplying,2
alone,11
string,3
path,1
line,5
lengthening,2
drawing,4
sections,5
bring,6
did,2
almost,15
flowerbed,3
following,26
helpful,3
foliagebed,4
ricini,2
equal,4
apartor,1
alternate,3
tallgrowing,3
surround,2
salvias,8
twenty,9
another,29
surrounded,2
largest,3
sized,2
outside,24
composed,3
cannasqueen,1
chicago,5
florence,3
vaughan,3
papaeighteen,1
nasturtiums,8
umbrella,2
formthat,1
serve,2
shade,21
allemannia,3
burbank,3
fourteen,3
twentyfive,7
italia,3
discolour,2
black,23
eighteen,14
twentyseven,1
group,6
whiteflowered,4
vincas,4
tom,5
thumb,6
ageratum,17
clump,8
arundo,2
univittata,3
setaria,2
magna,2
coix,2
lachryma,2
pennisetum,2
ruppellianum,2
too,48
highly,4
recommend,3
extensively,6
parks,5
public,8
private,2
perfectly,12
once,62
established,19
northern,10
states,23
wintered,14
cellar,31
still,11
cheaply,5
seed,221
_two_,1
soils,6
every,49
matter,15
importance,4
outdoor,4
existing,3
largely,4
loamthat,1
noncoherent,1
mixture,12
clay,14
sand,61
decayed,8
fibrous,5
grassesis,1
what,14
termed,1
warm,73
preponderance,2
known,16
cold,46
wet,36
rendered,2
lighter,2
sandier,1
friable,2
application,1
years,28
change,9
character,7
wait,6
quick,5
outlining,1
depth,10
filling,11
require,45
present,3
supplied,15
manuring,3
reduces,3
relative,1
pansy,24
nothing,12
woods,5
procured,3
supply,26
cowstable,1
topdress,1
magnificent,11
canna,13
caladium,4
stronggrowing,1
peat,5
swampssoil,1
partly,10
carbonised,1
decomposed,1
action,4
consists,2
submerged,1
contains,2
owes,1
nonadhesive,1
commonly,4
stumps,1
hollow,2
places,6
drifted,1
ready,22
immediate,8
bogs,1
swamps,2
unfit,1
freshly,2
dugexcept,1
plantsbeing,1
tough,1
during,67
heap,10
frost,51
rot,5
render,1
tractable,1
cover,27
loam,35
mulched,6
air,48
retain,3
object,2
prevent,20
drying,8
lumps,3
green,46
exposure,17
exceedingly,9
anything,10
starting,31
strongly,2
urged,1
seems,14
sight,4
expenditure,2
moneyespecially,1
purchased,17
forbut,1
saving,10
unsuitable,4
failures,7
resulting,2
both,20
seeds,107
expense,6
produces,3
incessant,1
crop,3
weedings,1
naturally,1
flourish,4
smartweeds,1
nettles,1
expected,10
violets,8
springbeauties,1
manured,8
endless,1
procession,1
purslane,1
malice,1
ragweed,1
watched,2
presence,6
renders,1
caking,1
necessitating,1
frequent,16
cultivation,33
muckbeds,1
preliminary,1
remain,23
replacing,6
presents,3
difficulties,2
dwellers,1
living,4
country,17
towns,2
vicinity,1
our,16
cities,1
lands,1
ought,2
obtain,9
loads,3
useful,15
farmers,5
own,9
live,8
marshland,1
ditching,1
waggonload,1
prices,4
ranging,3
fifty,5
cents,16
dollars,4
hauled,1
cost,16
would,44
course,7
learn,3
keep,78
eyes,2
things,9
pertaining,1
marshlands,1
accessible,3
highway,1
ditched,1
partially,2
reclaimed,1
interview,1
owner,7
tenant,1
dull,2
farm,2
glad,4
earn,2
extra,14
dollar,1
suggested,1
boys,1
marshand,1
woodlands,1
pocketmoney,1
calling,3
people,13
homes,1
solicit,3
orders,4
know,5
apply,9
advertisement,2
local,3
doubtless,2
prove,6
advantageous,1
customer,1
purveyor,1
hillsides,3
road,1
washed,1
gather,3
quantities,6
pure,17
grey,6
potting,33
cakes,1
badly,6
watering,27
remains,6
loose,7
readily,16
procurable,2
gathered,12
patches,1
bother,2
besides,2
likely,22
dig,8
undesirable,2
undersoil,1
go,19
ones,21
self,2
your,24
thus,11
purpose,15
shake,2
fine,88
adheres,1
future,5
slice,1
knife,7
finest,28
throw,6
tops,16
sods,1
outoftheway,2
rakings,1
yard,5
pulled,5
refuse,8
potatoparings,1
applepeelings,1
cornhusks,1
berryhullsanything,1
decay,14
dishwater,1
slops,1
needed,22
pile,4
occasionally,13
underneath,4
bit,7
including,9
annual,5
rootplants,1
gladioli,9
soon,28
adequate,1
needs,11
ordinary,6
waterworks,1
hose,3
frequently,27
hasten,3
decomposition,2
poor,8
addition,4
accomplished,2
rendering,3
ploughed,1
sown,39
clover,3
condition,15
fertilisers,13
disadvantage,1
consider,1
pays,5
expensive,9
_three_,1
animal,3
manures,5
chemicals,1
horse,6
cow,9
sheep,4
poultry,1
droppings,1
direct,6
probably,16
majority,2
ferns,6
love,9
sandy,6
heating,6
stock,10
breaking,4
adhesiveness,1
promoting,3
formation,9
hen,6
houseplants,27
judiciously,2
applied,11
completely,1
fermenting,1
stage,5
fresh,31
leaches,1
possibly,2
contact,11
appearance,23
assimilated,2
rough,25
litter,12
cornstalks,4
cobs,1
straws,1
applying,5
portion,8
return,8
germination,17
save,17
deal,2
retains,2
forked,1
older,1
stuff,3
provision,2
order,7
inconvenience,1
looking,2
purchasing,6
discovered,3
neighbouring,1
barnyard,3
purchase,8
attended,2
latest,1
allow,21
land,5
accumulates,1
ashes,13
contain,6
phosphates,2
tend,2
sweeten,2
beneficial,1
increasing,3
strength,5
stiffness,2
stalks,10
reason,14
aster,16
strewn,1
release,1
ammonia,3
latter,10
depriving,1
properties,1
fertiliser,22
stimulant,2
creating,5
desire,1
stored,15
manurein,1
words,1
appetiser,1
eat,1
appetite,1
farmer,2
soot,8
chemical,1
adding,2
richness,2
either,20
tea,5
pouring,2
vessel,3
liquid,22
settled,2
taking,3
does,21
touch,9
manurewater,3
fairly,8
constitute,1
chief,4
drawback,1
solid,7
take,22
watertight,2
barrel,11
halfbarrel,1
spigot,2
straw,8
letting,4
fermentation,3
period,13
tight,1
runs,6
coffee,1
strong,10
renewing,3
shows,8
signs,5
exhaustion,1
empty,2
compost,21
potplants,1
boiling,3
destroy,14
eggs,2
chrysalis,2
whiteworms,1
larvæ,1
infest,1
teaspoonful,7
paris,14
drawings,1
diluted,3
weaker,1
burn,3
convenient,17
handle,14
carry,14
emptying,1
corresponding,4
spigotin,1
steps,4
saved,16
prepared,7
pail,5
dipping,3
sediment,1
often,38
pool,1
sufficient,34
dipped,7
hogshead,2
paved,1
cobblestonesas,1
barnyards,1
health,1
cleanlinessa,1
catchbasin,2
arranged,5
natural,11
rains,2
pay,5
trifling,3
outlay,2
construction,8
depression,3
stiff,6
answer,3
surprising,4
how,68
carelessly,1
let,10
property,3
waste,4
buy,16
load,4
stables,1
town,2
haul,2
distances,2
yield,3
strawberryand,1
asparagusbeds,1
sufficiently,23
increased,6
soapsuds,2
drop,2
washroom,1
bedroom,1
kitchen,6
plantsespecially,1
dahlias,10
vines,33
seem,10
nourishment,9
slopwater,2
scum,2
rid,5
substitute,4
commercial,3
bonemeal,3
manufactured,2
home,9
bones,1
throwing,3
stone,11
jar,1
covering,25
lye,2
allowing,10
soft,9
blood,5
slaughterhouse,1
soluble,1
feathers,2
digging,7
hoofparings,2
blacksmith,1
shop,1
indeed,5
forms,7
excuse,1
starving,2
foods,1
market,4
guano,2
reliable,4
among,23
uncertain,5
concentrated,1
harm,6
hands,5
inexperienced,1
safest,2
potted,22
watered,16
day,39
drink,1
absorbs,1
requires,16
injured,22
overdose,1
serves,5
reduce,3
wheelbarrow,4
nine,4
square,4
_four_,1
hotbed,62
coldframe,26
sandbox,28
enclosure,1
affording,3
propagation,2
unsuited,1
sowing,29
openair,1
operations,4
started,54
february,10
march,13
latitude,5
philadelphia,3
april,9
detroit,2
transferred,1
danger,26
past,22
exception,4
poppies,14
bear,4
disturbance,10
stages,3
wind,14
burning,3
nipping,2
affords,6
additional,6
artificial,2
transplant,23
could,11
groundan,1
important,6
gain,5
latitudes,2
late,22
frosts,1
hardly,8
maturing,1
annuals,12
situated,2
wall,7
protected,42
toward,6
drain,3
receive,10
constructing,3
pit,4
lined,2
planks,1
bricks,1
earthen,2
walls,7
build,1
frame,18
lumber,1
posts,3
threeor,2
back,37
slant,1
shedding,1
concentration,1
regular,4
sash,22
seventyfive,1
glazed,1
painted,4
rest,21
simply,6
sliding,1
determining,1
handled,4
larger,30
divided,7
partitions,2
threebysix,1
wider,1
strengthen,1
support,38
insure,9
section,9
special,13
treatment,49
germinate,16
temperature,35
degree,7
difference,5
sprout,6
days,61
weeks,16
similar,7
requirements,9
florists,15
windowsash,1
picked,3
apiece,3
buildings,3
torn,1
junk,1
hardware,2
dealers,8
glazing,2
painting,2
herself,1
sudden,13
hailstorm,1
mischievous,1
cat,1
careless,2
handling,12
broken,13
glass,23
higher,6
thickness,1
hinges,1
crosspiece,1
stability,1
draughts,10
appear,35
thickly,3
rows,28
wellconstructed,1
horsestablethat,1
grainfed,1
stalls,1
litterlong,1
fuel,1
insuring,2
continuous,2
germinated,2
die,3
become,24
twentyfour,2
hours,4
longer,6
begin,10
sure,8
thermometer,6
rising,2
100,10
degrees,9
tramped,1
smooth,9
couple,4
afford,6
account,4
stress,1
weather,37
detained,1
apt,9
crude,1
thrifty,5
suddenly,4
scalded,1
probable,2
burned,2
determined,2
cause,14
evident,1
shallower,1
observed,4
affected,4
happen,1
advanced,2
permit,1
night,16
transplanted,12
mishaps,1
seldom,7
occur,3
met,2
promptly,9
transplanting,25
spread,8
going,6
deeper,3
sandor,1
coalsieve,1
register,3
risen,1
90,10
fallen,1
75,7
70,10
strips,12
prevents,1
mixing,2
running,3
distinguish,2
ageratums,9
lives,1
within,14
box,29
factory,1
woodadmirable,1
purposeof,1
uniform,5
thin,13
righthand,1
labelling,3
plainly,6
date,10
against,21
advantageas,1
cobæa,7
scandens,6
dolichos,2
cosmos,12
light,30
keeping,23
withholding,4
coarse,8
drills,10
twice,12
furrow,1
scratched,2
eighth,6
halfinch,1
thinly,6
pressed,6
piece,13
brings,3
tiny,10
lay,3
hold,14
takes,3
weak,13
germinating,5
power,1
lost,5
failure,8
contained,1
nicotianas,2
broadcast,5
squares,1
reserved,2
sow,26
press,10
board,9
merely,8
sift,1
ten,32
wide,14
adjunct,1
wellregulated,1
hung,6
bulb,55
sprinkle,6
rubber,11
sprinkler,5
whiskbroom,1
shaken,3
wash,1
resorted,3
directed,1
newspapers,2
careful,5
rises,3
warmest,1
doing,5
strip,4
windward,2
protect,30
opening,2
carpet,6
particular,18
show,20
single,23
pair,6
shading,3
hottest,7
directly,6
encourage,4
vigorous,9
develop,13
screens,9
lath,4
nailing,4
nails,2
clinched,1
exposed,13
harden,6
chicken,6
netting,22
substituted,4
cats,2
dogs,1
chickens,7
drops,4
surplus,11
pass,6
avoiding,2
draught,3
fitted,3
shutting,3
spent,2
served,1
earlier,7
gloxinias,15
rooting,10
cuttings,39
summers,2
coldframes,3
tearoses,2
canterburybells,3
foxgloves,2
means,15
forward,3
hyacinths,16
narcissi,9
carpets,1
mattings,2
colder,1
frozen,13
thaw,5
aired,2
freezing,11
avoided,5
certainly,3
blast,4
buds,33
damage,9
ensue,1
trifle,1
trench,8
outlet,2
crockery,6
receptacle,4
storage,4
bedded,6
experiments,1
novelties,4
finally,1
capable,2
root,50
shallow,10
depending,1
accommodated,1
disposal,1
elevate,1
sawhorses,1
blocks,1
easy,8
sitting,2
chair,2
bury,1
pots,78
brims,1
stand,16
sunshineas,1
geraniums,25
crotons,12
heliotropes,7
etcshould,1
needing,2
trained,4
wooden,8
conveniently,5
tools,7
fascinating,6
spots,9
kinds,11
thrust,2
potsgeraniums,1
carnations,13
begoniaswith,1
flat,12
rearwill,1
cultivates,2
try,9
table,8
bench,1
shady,9
doors,9
packing,4
perhaps,6
working,11
stool,1
pushed,1
shelf,21
roomy,1
flats,41
lies,4
dryest,1
tin,4
pebbles,1
charcoal,8
sphagnum,9
moss,16
handy,2
shears,3
pencils,1
stickor,1
carvingsteelfor,1
pot,76
inserting,2
tapping,1
lessen,3
repotting,14
shifting,15
tray,2
bail,1
wellequipped,1
depend,1
becomes,6
pleasure,7
instead,10
dreaded,3
staking,2
nicest,1
cattail,2
stems,17
stalk,10
furnishing,1
sightly,4
freesias,1
_five_,1
buying,5
glowing,4
descriptions,3
numerous,2
catalogues,4
sent,6
led,2
ordering,1
worthless,3
knowledge,4
wants,1
successfully,6
cheap,10
collections,3
requested,1
send,8
catalogue,2
packages,4
worst,2
flowerseeds,1
everything,3
else,3
gets,1
something,3
nothingnot,1
investment,3
safeguard,1
trustworthy,2
whose,8
offered,5
fair,16
instance,1
expect,6
fullsize,1
packettwo,1
hundred,6
seedsfor,1
giant,36
trimardeau,4
cassier,4
favouriteslike,1
snow,10
queenmay,1
bought,2
packets,7
costing,2
value,7
generally,4
speaking,2
selling,3
looked,2
suspicion,2
grocers,1
inferior,6
stockthe,1
seedsmen,5
consumer,1
concerns,1
scrupulous,1
prizes,1
advertising,1
purposes,5
sell,2
vitality,11
morningglory,7
lose,5
ripe,6
seen,12
usual,7
trial,2
got,1
planta,1
lantana,9
sixth,1
grew,4
striking,5
contrast,4
packet,8
bush,6
hill,3
pioneer,2
cyclamen,7
eleven,2
lived,1
choice,17
common,17
me,4
equally,8
cases,3
firms,1
state,10
pricelists,1
manifest,1
injustice,2
problematical,1
purchaser,1
right,13
advertise,1
price,6
accordingly,1
perfection,8
join,1
friend,1
neighbour,1
secure,6
otherwise,6
think,6
mistake,2
fixed,1
strains,7
bees,3
visit,4
assiduously,1
hybridisation,2
true,13
trouble,14
deterioration,4
tying,3
blooms,14
fade,9
selected,6
ripen,10
ripening,4
weakens,1
checks,2
deteriorate,5
rapidly,23
specialist,4
themselves,19
incessantly,1
week,21
seeding,3
appreciably,1
wonderful,16
colouring,3
capsules,1
materially,4
affect,1
blossom,21
preference,2
terminal,3
main,10
blossoms,19
morningglories,5
verbenas,8
handsown,1
mix,5
hark,1
strain,4
striped,3
pinks,4
were,20
selfsown,3
range,7
eye,12
shy,2
rarely,14
desires,2
abundance,10
worth,13
remarkable,3
petunia,12
particularly,3
lifted,21
opposite,3
windowbox,17
specimen,5
ruffled,5
pod,2
alike,4
immense,8
velvety,10
texture,6
beautifully,4
marked,6
throats,2
parent,1
blotches,1
showed,1
rare,12
sows,2
candytuft,3
fewer,2
continuation,1
actually,2
fast,3
thing,8
untidy,2
benefited,11
withered,6
noticeable,1
respond,2
robust,8
sweetpeas,7
permitted,4
thunbergia,8
maurandya,12
adlumia,8
hollyhock,7
risk,2
vine,47
antirrhinums,6
suffer,10
severely,1
seedbearing,1
lantanas,6
rusty,2
flowerhead,1
want,4
thunbergias,8
balsams,6
pods,1
snap,2
expel,1
bags,2
freed,1
husks,2
sifting,2
winnowing,1
envelopes,2
boxes,28
labelled,3
unlabelled,1
idea,6
label,5
data,2
interest,7
book,6
refer,1
doubts,2
concerning,3
operationthe,1
took,1
bulbs,90
notebook,2
offers,2
unimpeachable,1
evidence,1
_six_,1
greenhouse,7
hotbedbegonias,1
cinerarias,8
primulas,5
cigarboxes,2
sawed,1
lid,1
nailed,3
sizes,5
store,8
bored,1
bits,2
finely,5
sifted,4
grasped,1
indispensable,8
pressing,9
scattering,1
evenly,3
wanted,7
thorough,3
setting,36
lukewarm,1
draining,1
tipping,1
ceases,1
sheet,2
placea,2
coalstove,2
radiator,3
essential,5
livingroom,7
screened,1
unsightly,6
valance,1
strikes,1
leaving,14
lightly,7
asparagus,13
sprengeri,10
layer,2
counteracts,2
troublesome,6
tendency,10
damping,3
minute,3
fungus,2
threadlike,3
filaments,2
result,4
remedy,21
strike,1
short,9
dryness,3
extend,4
indicate,4
humidity,2
wiped,2
crochethook,1
hatpin,1
scrape,2
filament,1
slight,6
threatens,1
begins,11
pan,4
window,51
screening,1
admit,5
seedlings,15
prick,6
twoinch,2
plunge,8
sunny,35
shift,10
parts,9
sticks,3
coalash,2
wire,17
shifted,12
outgrow,3
quarters,7
individual,7
aiming,1
branches,21
pinched,4
development,9
overwater,2
allows,1
stockier,1
changes,2
induced,1
overwatering,1
_seven_,1
pastusually,1
twentieth,1
correspondingly,3
cornplanting,2
safe,6
crowded,8
hotbeds,14
nights,14
setback,1
recover,3
advance,3
settle,7
kneel,1
stepping,2
radiate,1
skip,1
approaching,1
doubtful,3
cloudy,2
wilt,3
cling,6
crowding,2
disappeared,1
_do,1
way_,1
far,16
socalled,1
mismanagement,1
dampthe,1
mulch,26
preventing,1
evaporation,7
access,12
sweep,4
donewith,1
shut,3
topcauses,1
evaporate,2
cooked,2
death,1
ascertained,2
removing,18
directions,9
tenderest,1
injury,9
dayunless,1
was,17
really,11
repeat,3
caution,1
lift,5
spreading,2
moving,5
resetting,1
bedding,27
received,14
mail,4
vigorously,5
whenever,5
ball,9
network,3
changing,4
disturbing,14
renewal,1
crock,3
dormant,7
droop,2
repottedespecially,1
bloomed,3
resting,7
repotted,4
injure,10
dead,9
outgrown,1
inexpedient,1
oneespecially,1
disturbed,10
afterward,2
anew,1
say,2
sieve,1
reversing,1
tap,1
loosen,2
bound,3
inserted,1
clogging,2
impatiens,3
sultana,3
tuberous,18
begonias,20
hardwooded,4
otaheite,2
fuchsias,3
traced,1
neglect,2
rule,2
rooted,6
superfluous,3
stuck,1
prefer,3
plunged,13
shock,2
word,3
selection,6
amiss,1
choose,3
wisely,1
straggly,5
growths,8
chinese,6
extreme,3
tips,5
woody,1
break,10
stubby,1
lowest,3
stocky,14
branching,4
bottle,1
bouquets,2
generous,8
leafbud,2
axil,4
leaf,20
faded,7
dividing,3
lengths,1
putting,5
dish,5
bowl,2
leavesthe,1
axils,3
push,3
offinjuring,1
encouraged,6
chills,4
stem,11
callus,5
hazelnut,1
gloxiniaseither,1
cuttingsbefore,1
achimenes,3
umbrellaplants,2
face,2
incision,1
branch,20
begun,3
wrapping,2
wound,3
thread,1
tied,3
farthest,2
limb,2
calloused,1
employed,6
leggy,2
unshapely,1
undergrowth,1
sever,1
wedgeshaped,1
flowerpot,2
halves,1
liable,9
cacti,1
rests,1
sap,3
escapes,1
withers,1
decays,1
imprisoned,1
goes,1
pronounced,1
calluses,1
othersparticularly,1
gloxinia,3
layering,4
honeysuckles,2
supple,1
bent,2
joint,2
brought,14
somewhat,10
honeysuckle,3
notching,1
pegging,1
notch,2
bend,1
_eight_,1
raising,22
economical,4
obtaining,4
package,1
geranium,23
dozen,8
morethe,1
identical,1
bloomwhile,2
stubborn,1
respect,3
owing,2
check,7
continuing,3
reverse,2
slow,4
seedling,2
meeting,2
atmospheric,3
violent,1
dryer,2
uneven,1
obtains,1
calceolarias,1
gladden,1
heart,2
cultural,2
seedselecting,1
highest,4
priced,1
primroses,7
inclined,4
wish,7
halfsized,1
mystery,1
tint,1
revealed,2
charms,1
abutilons,6
flowering,17
maples,3
hedge,6
california,14
diversity,3
colourthere,1
drooping,7
bells,3
gay,3
parachutes,1
crinkled,2
crape,1
shining,3
satin,1
double,26
chill,4
harmful,1
plumosus,5
nanus,4
emerald,2
feather,8
twentyone,1
especial,2
thumbpots,2
asparagusespecially,1
sprengeriare,1
spray,6
managed,4
restricted,1
plantfood,1
hangingbaskets,12
basket,6
twoyearold,3
frondseven,1
sittingroom,3
heated,4
chance,2
sparingly,3
renewed,3
repot,1
separated,1
elongated,1
tuber,6
stores,1
nourishmentlike,1
nodules,1
clematis,24
useless,1
propagating,1
bracket,7
pedestal,1
succeeds,1
sends,4
fronds,1
strings,9
windowsill,3
suits,5
spoolwire,1
neat,5
invisible,1
rex,4
dust,3
maintained,3
vague,1
magnifying,1
infinitesimal,1
possessed,2
delight,2
leafquite,1
showing,9
markings,8
exactly,1
constant,7
keeps,2
culture,17
stove,3
fibrousrooted,4
vulcan,3
fiery,1
vernon,3
erfordii,3
bijou,3
january,3
thence,1
emptied,2
20th,2
rim,2
duly,2
showier,1
handsomer,1
admirably,7
begonia,26
clippings,13
repay,3
frosty,1
indoors,3
gradually,16
closet,4
ripened,5
tubers,6
wrapped,5
separately,4
tissuepaper,4
drawer,1
repays,1
acquaintance,1
royally,1
calceolaria,4
infinite,2
purseshaped,1
lemon,4
cardinal,4
germinates,15
fills,1
blossoming,5
dishes,4
atmosphere,12
attacks,5
spider,12
mar,1
preventive,4
measure,2
flowerbuds,2
felty,1
thick,6
lack,5
fiveinch,4
coming,8
afresh,1
broad,10
colourings,1
plum,4
heads,5
daisylike,2
maroon,2
sharply,1
margined,1
contrasting,1
seven,11
defer,1
rapid,9
injurious,3
stirred,3
sign,2
unusually,2
spell,2
utmost,1
guard,2
aphides,2
plantlice,3
foothold,3
prevention,2
plenty,12
tobaccodust,2
sprinkled,2
remedydipping,1
135,8
brushing,1
lice,10
killing,4
marguerite,3
popular,5
appearing,5
wellprepared,2
enriched,5
cultivate,13
heighten,1
flowerstems,3
counteract,4
burst,1
calyx,2
carnation,7
quality,6
profusion,1
produce,8
longstemmed,3
beauties,2
perpetual,1
hence,4
renew,1
perpetuate,4
pegged,3
severed,1
fiveor,4
sixinch,7
cooler,2
fire,4
stands,3
50,11
55,1
fly,5
flowerstalks,1
cattails,1
forth,10
neater,1
flies,1
syringe,5
tobacco,10
fumigate,1
smoke,4
130,12
kill,1
insects,14
cyperus,3
umbrellaplant,3
gardening,5
economy,4
big,2
twoor,1
threeinch,3
plunging,2
saucer,3
attain,3
jardinière,2
holding,3
semiaquatic,3
leaftips,1
brown,4
suffering,1
lilytank,1
perfect,4
fringe,7
pronouncedthe,1
sending,4
lush,2
umbrellas,2
discolouration,1
umbrellaplanta,1
former,4
prettier,1
decorations,1
pedestals,1
halls,1
drawingrooms,1
spindly,3
discoloured,1
injures,3
undisturbed,8
mulching,4
attained,6
comes,9
fouror,1
onefourth,4
syringed,4
daily,12
withhold,1
summerthe,1
inclination,1
warmer,4
position,15
amaryllis,8
destroys,1
starts,2
insufficient,1
obliged,1
sink,1
examine,2
indication,1
premature,1
carnationsindeed,1
await,1
fancyleaved,6
scented,4
zonale,3
lady,5
washington,4
study,5
delicatelooking,1
choicest,4
zonales,2
retrogression,1
type,2
produced,8
hybridised,2
tends,1
nip,2
forcing,3
pinch,7
shoots,10
appearbefore,1
encourages,1
production,3
pelargoniums,2
prolonged,1
sickly,2
spite,1
timeevery,1
instancewill,1
shoot,9
middle,6
splendid,1
fact,6
manybranched,1
ivy,14
irregularly,2
disturb,3
undue,1
wetting,2
touching,2
brittle,3
slightest,4
blow,1
deprive,1
cherished,2
depends,2
effort,6
preserve,3
approach,7
advise,2
gained,2
disastrously,1
withheld,5
dried,5
ripens,4
cottonwool,1
lemoines,2
exceptionally,4
indigo,2
leafmouldthreefourths,1
mould,4
verge,1
yet,6
secret,4
necessity,5
crumbly,1
sticky,1
prosper,1
appreciable,1
appearsanything,1
mist,2
beyond,7
warmth,2
waterings,1
showered,8
inroads,1
spidertheir,1
enemy,2
portions,4
admirable,5
pansys,1
combined,2
scarcely,5
notices,1
terminals,1
shrubby,4
prickly,1
rosy,4
weeping,7
immature,1
incased,1
pulp,2
berry,2
nut,1
kernels,1
surprised,1
onequarter,1
soaking,7
oftener,2
circumference,1
defying,1
efforts,5
counting,1
ornament,1
porch,1
causes,2
attacked,3
hedgerows,2
lots,1
defining,1
charming,5
member,1
family,4
slender,6
pendulous,1
delightfully,1
fragrant,5
halfdollar,1
rosylilac,1
hue,1
covers,4
presenting,1
improved,2
smallflowered,1
ago,3
habit,4
colourchiefly,1
magentais,1
superseded,1
magnificently,1
fringed,1
wealth,3
purest,1
veined,1
tinted,1
realise,1
plus,1
generations,3
vases,11
burpees,3
defiance,3
giants,2
miranda,4
example,1
carmine,1
merging,1
brilliant,5
throatthe,1
nearest,2
sensitive,9
bothmore,1
hardening,1
northeast,1
zenith,1
standard,3
distinguished,3
sorts,4
crinkly,1
compact,1
vacant,3
culling,1
specimens,6
roomany,1
sour,1
corrective,1
prolonging,1
shiftings,1
repeated,3
hastens,1
retards,1
november,2
primrose,4
subjected,1
brackets,6
inspected,2
removal,5
gracefully,2
opportunity,3
hangingbasket,4
milkcrock,1
divisions,1
primula,4
obconica,3
why,3
_nine_,1
windowboxes,36
disfigurement,2
cheerfulness,2
rooms,2
windows,6
practicable,1
my,3
pleasantest,1
recollections,1
perfume,2
fragrance,1
porches,5
suited,2
trusted,1
tenuissimus,4
tuberousrooted,3
silverspotted,1
angels,2
wing,2
rubra,2
facing,3
principally,2
sought,2
windowcasing,4
shall,3
warp,1
washing,2
exhausting,1
plug,1
continued,1
obstructing,1
passage,1
shrink,1
channel,1
prevented,2
experimenting,1
limited,10
erect,6
contents,2
demands,1
confined,1
exchanged,1
shabby,2
florist,8
drapes,1
wild,10
cucumber,8
attaches,2
windowscreen,1
wreaths,1
exuberant,1
fault,1
fresher,1
slipped,2
checking,3
geraniumeither,1
vermilion,1
s,39
nutt,3
vivid,4
bruant,4
contrasted,2
camphor,3
freer,2
bloomer,5
antirrhinum,11
drummondi,7
geraniumssouvenir,1
de,7
charles,4
turnerare,1
variegated,6
pendent,1
trailing,11
fuchsia,8
glechoma,4
combinations,1
southern,6
jean,2
viaud,2
mrs,7
j,2
m,3
garr,1
nepeta,2
souv,1
turner,3
beaute,1
poitevine,1
ger,4
verbena,7
madame,5
salmon,2
joan,2
arc,2
lotus,8
peliorhynchus,2
nasturtium,7
justicia,4
solanum,6
jasminoides,5
duke,2
zeppelin,2
manettia,6
fancy,8
vinca,4
phenomenal,3
velutina,1
farfugium,2
feastii,1
boston,3
fern,7
russellia,2
grandis,2
cissus,1
contrary,2
roof,3
midsummer,1
step,3
centrosemawhen,1
persuaded,1
growis,1
refusing,1
uncongenial,1
scythes,2
packed,3
thirteen,2
windowframe,1
angles,2
sill,1
bevelled,1
snugly,2
baseboards,1
horizontal,1
pieces,2
securely,9
measurements,1
supports,9
match,1
scald,1
stocking,3
ordered,3
cheapness,1
availability,1
seams,1
warped,1
tightened,1
cracks,2
longevity,2
lengthened,1
themespecially,1
houseopen,1
beats,2
closed,4
reflected,1
confining,1
fires,2
uninjured,2
reasonable,6
buildingthe,1
carrying,1
noxious,1
vapours,1
excess,1
approve,2
reserve,2
studied,2
pretty,11
coloured,3
phacelia,3
foliaged,2
gourds,7
bryonopsis,3
coccinea,6
indica,3
abobra,3
viridiflora,2
scythe,1
gotten,3
thirtyfive,2
windowboxesexcept,1
begoniasonce,1
_ten_,1
snapdragon,3
newer,2
oldtime,3
favourite,5
niobea,1
halfdwarf,1
throat,4
fireflya,1
scarletare,1
taller,2
spikes,5
halfhardy,1
evergreen,15
boughs,9
highor,1
higherthan,1
shed,15
heavily,12
favoured,1
locations,3
unprotected,2
suiting,1
recognised,2
improvement,3
oldfashioned,9
medium,7
aim,6
eliminate,1
enlarge,1
petal,4
comet,3
bride,7
tassel,4
chrysanthemum,8
ostrich,3
embarrassment,1
riches,1
declare,1
corsage,3
wear,3
excel,1
lasting,2
month,2
rotted,2
vase,3
cleansed,2
clipped,2
retard,1
recommended,5
subject,7
disease,11
beetle,5
unwelcome,1
guests,1
brushed,1
kerosenewhich,1
sluggish,2
dropping,2
touched,1
killed,4
signal,2
active,4
gaps,1
feeding,3
favourable,11
floss,3
princess,5
caroline,3
swanley,3
dorrit,3
clear,14
regain,1
slipper,2
seedbeds,1
marsh,5
balsam,4
welldeveloped,2
halfdozen,1
cramped,1
select,2
camelliaflowered,2
shell,6
floral,4
designs,1
funerals,3
decorative,3
vogue,1
won,1
popularity,3
cosmoscertainly,1
surpass,1
handful,3
bouquet,3
mirror,1
surpassed,2
exotics,1
fernlike,2
adds,2
wellgrown,1
darker,1
shower,4
superior,2
pricked,1
abundantly,2
joints,1
storm,4
unsupported,1
blown,3
wires,1
raphia,1
wool,1
twine,2
cloth,12
occasional,4
selfsow,3
sturdy,3
columbine,4
aquilegia,3
10th,1
seedbed,2
newspaper,2
prettiest,3
remember,3
columbinepure,1
lavenderin,1
delicate,12
moved,10
attracted,2
awoke,1
famous,1
gardens,9
storing,6
oneeighth,1
copiously,1
showering,2
bath,7
tie,3
stout,6
protecting,8
awning,2
cotton,5
fully,6
grownthough,1
exhibition,2
blasting,1
worms,7
beetles,8
sprayed,3
parisgreen,9
solutionone,1
gallons,9
borerthat,1
pest,8
dahlia,7
cosmosappear,1
pour,1
borer,8
flexible,1
worm,2
further,5
recovery,1
troubled,2
anticipate,1
matters,3
commencing,1
solution,11
continue,3
hardened,1
cactus,1
vividcoloured,1
rockwork,10
english,7
daisiespink,1
toes,3
lie,3
rosettes,2
pulling,2
crowns,1
stable,1
marshmallow,3
deserving,1
lovers,2
unknown,3
hardiest,1
northan,1
flesh,1
stronger,2
hilled,2
africanus,2
creamcoloured,1
browneyed,1
crimsoneyed,1
sort,8
age,2
attains,2
canary,1
st,5
louis,2
safer,2
twoquart,1
sunk,2
dying,2
springrather,1
sixyears,1
superb,2
attempt,2
pull,4
fleshy,2
remainder,2
severe,7
prostrate,1
hoops,2
hoop,1
train,1
grouping,3
objects,2
catch,2
everyone,2
gorgeous,5
endure,1
alleghany,3
hardier,1
augustsown,1
survive,3
staked,1
appears,5
attack,5
feeds,1
outofdoor,1
kerosene,10
emulsion,4
145,10
blight,2
fungous,3
destructive,8
ravages,1
drove,1
infected,1
corn,10
fodder,5
brightness,1
trellises,9
climbers,6
trailers,2
tendrils,1
attaching,1
built,1
pipe,3
waternot,1
muchreaches,1
luxuriantly,1
rank,1
yearsa,1
golden,14
companion,1
moonlight,3
winecoloured,1
hybrids,2
gunther,3
chameleon,3
delay,2
lessened,1
seedsowing,1
generously,2
offset,1
lengthwise,3
distinctly,1
steadily,2
coldbelow,1
freezingleave,1
mild,2
freeze,3
expose,1
manurea,1
chip,1
dirt,3
sprinkling,1
raking,1
separation,1
distinct,5
enables,1
glance,2
estimate,1
qualities,3
dayat,1
noon,1
reckless,1
innovation,1
professional,2
taught,1
itand,1
parched,1
deeply,5
we,19
induce,4
temporary,1
oclock,1
hydrant,1
create,1
producing,6
airy,3
mistaken,1
upright,2
borne,3
invariably,1
positions,2
dusting,2
sulphur,5
spraying,3
bordeaux,6
fungoid,3
mildew,7
muggy,1
stillif,1
usualto,1
thanksgiving,1
diminution,1
cleaned,2
capacity,3
succeeding,1
maintain,2
mixtures,2
leading,2
specialists,1
europe,1
included,3
aurora,3
considerably,2
notches,3
pointed,3
hammering,1
poles,3
bark,2
causing,4
expedient,1
poppy,7
spare,2
barren,1
angle,5
behind,1
outbuilding,2
here,8
danced,1
brief,1
odds,3
themsingle,1
shirleys,1
cups,2
silk,2
flush,2
tremulous,1
opal,1
eschscholtzias,2
iceland,3
oriental,4
destroyed,3
clearingup,1
hunnemannia,4
fumariæfolia,2
overlooked,1
springsown,1
eschscholtzia,2
sanda,1
teacup,1
sandand,1
scatter,3
thinned,1
dozens,1
myosotis,4
anchusa,3
capensis,2
scallops,2
narrowing,1
scallop,1
beginning,5
buff,2
copes,3
slowly,2
thinning,1
sage,6
sees,1
extent,4
freedom,2
impression,1
remarkably,1
healthy,5
insect,7
pests,4
congenial,3
splendensthe,1
feetto,1
shadethe,1
notice,6
houseplant,4
corolla,1
lip,1
falls,5
base,6
saves,1
lot,3
returns,2
bonfire,3
clara,3
bedman,3
scarletflowered,1
massed,1
scattered,4
patens,2
saxatile,4
written,4
might,5
exaggeration,1
cult,1
head,3
sweetpea,3
loves,3
hurried,1
maximum,2
stretched,1
climb,1
thwarted,1
trodden,1
suns,1
banked,2
ridges,1
poured,2
soak,2
dusty,4
guards,1
prevalent,1
circumstances,3
bewildering,2
suggestion,1
choosing,2
unfamiliar,1
names,7
mayflower,1
verbenaone,1
recent,2
ceased,3
thrive,3
touches,1
seeming,1
ever,5
periwinkles,2
worthy,2
extensive,2
glossy,1
exquisite,7
texturepure,1
ivory,2
crimsonare,1
bloomers,5
decoration,1
wellenriched,2
1st,2
transfer,1
lifting,2
chrysanthemums,3
aphis,1
dusted,2
fumigating,1
_eleven_,1
harsh,1
dilapidated,1
obtrusive,1
transformed,1
natures,1
drapery,1
exists,3
minds,1
unfortunately,3
prejudice,2
unfounded,1
able,4
judge,1
houses,1
consequently,1
woodwork,2
preservation,1
ampelopsis,4
veitchi,2
virginia,5
creeper,2
woodbine,1
blistering,1
rays,1
overlapping,1
penetrating,1
england,4
said,2
indestructible,2
remained,1
mountain,9
climbing,10
fumitory,4
lasts,1
biennial,1
stooling,1
bursting,1
hundreds,4
sprays,3
flowersa,1
delightful,6
appropriate,2
selfsows,2
cupandsaucer,5
bellshaped,1
flowerspure,1
greenish,1
mauve,1
purplefrom,1
varietythe,1
san,3
salvador,3
cobæathat,1
c,18
smaller,5
exaggerated,1
stamens,1
translucent,1
luminous,1
manylobed,1
lying,3
leafspray,1
ending,1
tendril,1
ascertain,2
reasonably,1
ambition,2
centrosema,4
butterfly,6
pea,5
propagate,3
strangely,1
lacking,4
vigour,1
dwindle,1
sowings,1
hour,2
dropped,2
occasion,2
groundwhich,1
deferred,1
transferring,1
raise,13
trials,1
perfectionof,1
finish,1
symmetry,3
wonder,1
whether,2
saw,4
vanished,2
possess,2
exceeds,2
trellis,8
feature,2
economic,1
unique,1
winters,5
receptacles,2
bowls,2
tulips,9
crocus,11
climbersas,1
fruit,5
quickgrowing,2
fences,6
outbuildings,1
shellac,1
hang,3
brass,2
chains,1
glue,1
circulation,2
draped,1
eaten,1
cutworms,4
bottomless,1
hop,5
handsome,6
splashed,4
thrives,2
paying,3
practically,8
female,2
bears,4
greatleaved,1
precaution,3
namely,1
elastic,2
rigid,1
proud,1
hanging,3
limp,1
investigation,1
astonishing,1
unyielding,1
committing,1
suicide,1
yielding,1
vinecovered,1
unusual,3
oddly,2
shaped,3
rugged,1
noticed,2
hairy,1
interesting,7
lavendercoloured,1
foxgloveshaped,1
ivyshaped,1
twist,1
blackeyed,4
susans,1
wreath,1
tubeshaped,2
flatfaced,1
diameterpure,1
foundations,5
urns,2
potbound,5
doses,1
getting,1
unfailing,1
thinga,1
overpraised,1
claimed,2
company,1
virgins,5
bower,6
compared,1
frostproof,4
till,1
paniculata,2
jackmanni,3
loveliest,1
flammula,3
continually,1
unexpected,1
mind,4
ramona,3
sacking,3
edward,4
andre,3
dies,2
growers,2
loses,2
trimming,4
trim,1
immediately,2
paniculati,1
bignonia,3
radicans,3
trumpet,11
regretted,2
appreciate,1
possibilities,3
shrub,4
closer,1
trunk,1
wrist,1
selfsupporting,2
pruned,3
seedpods,3
bequeath,1
posterity,1
oaks,1
elms,1
climber,2
surfaces,1
fails,2
attach,1
artificially,1
supported,1
tear,2
heavytopped,1
afforded,1
stretching,1
galvanised,1
fastening,2
staple,2
kilmarnock,3
willow,3
bignonias,1
enthusiastic,1
definite,1
_twelve_,1
indian,2
shot,2
cannasthe,1
orchidflowered,6
sortscan,1
eightor,1
tenfoot,1
reduced,2
mere,1
bagatelle,1
ounce,3
filed,2
germ,1
tack,1
sandpaper,1
rub,1
tedious,1
process,5
hurry,2
toughest,1
help,5
developed,1
selections,1
liberally,1
coleusa,1
answers,2
cineraria,2
miller,3
castoroil,4
bean,3
tropicallooking,1
today,3
fortunately,2
solitary,1
shard,1
confine,1
backward,1
emergency,1
experienced,3
zanzibar,6
banana,4
novelty,4
tubs,7
impatient,5
centres,2
obtainable,2
laundry,1
overfeed,1
whip,1
southeast,2
adornment,1
conservatory,1
easier,2
exist,1
southand,1
rightthe,1
gunnysacks,1
central,1
_thirteen_,1
bulbous,5
enrich,2
largeflowering,1
french,6
baskets,9
simplest,2
upstairs,1
vegetables,1
bunches,2
sprouted,1
failed,3
grafting,3
wedge,2
toe,4
insert,1
oncedrawing,1
scion,1
separating,1
union,1
welldefined,2
division,1
esculentum,3
elephants,3
ears,3
native,11
sandwich,3
islands,3
article,1
poa,2
potato,1
steady,1
progress,1
uniformly,1
centreshoot,4
rolledup,1
sideshoots,1
tiles,1
subtropical,1
multiply,5
luxuriance,1
effectwhether,1
singly,5
shaping,1
induces,2
us,11
fuller,1
belonging,1
resemblance,1
unlike,3
revel,1
complete,5
guarded,1
sheltered,2
nooks,1
teninch,1
effectively,1
placeas,1
closetuntil,1
recognises,1
hybridising,1
childsi,2
stakingan,1
sacks,2
montbretias,4
resemble,3
successively,1
deeplyabout,1
rapidlyabout,1
fourfold,1
tigridias,2
odd,1
groups,1
lilac,3
brownish,1
missed,1
examining,1
resembles,4
datepalm,1
ribbed,1
summerblooming,2
alarming,2
resembling,1
radish,1
bulbsprobably,1
fiftythe,1
crowned,2
source,2
florescence,2
body,1
scales,3
performance,2
precocity,2
winterkills,1
waiting,2
rescue,1
crinums,11
instances,2
grievous,1
disappointment,2
investments,1
treatmentas,1
crinumsdo,1
instructions,8
vast,1
complaint,1
distrust,2
understand,2
publish,1
trade,1
advertisements,1
strange,2
wax,3
eloquent,1
praise,1
invest,1
ignorant,1
confiding,1
difficulty,2
crinumindeed,1
understood,1
complaints,1
crinum,8
ornatum,7
sustain,3
commensurate,1
fulfilled,1
facts,2
arrived,1
pipestems,1
unmolested,1
rally,1
dismemberment,1
anticipating,1
americana,3
examined,2
bluemould,1
commenced,1
inspection,1
embedded,1
sooner,1
dustdry,1
shrivelling,1
shrunk,1
returned,3
came,1
prepares,1
readiness,1
announce,1
earthwhich,1
timeshould,1
cultureundisturbed,1
eastern,3
situations,1
kunthianum,3
settling,2
supplies,1
plantstand,1
luxuries,3
offshoots,3
possessing,1
confusion,1
regard,2
kirkii,6
believe,1
stripe,4
reddishpurple,1
unsatisfactory,1
moorei,2
africa,1
umbels,4
blush,1
bar,1
deliciously,2
erubescens,2
species,5
lilylike,2
claretpurple,1
capense,2
rosea,1
reputation,1
farther,1
numerouswhite,1
flushed,2
scabrum,3
christ,2
apostles,2
palegreen,1
waved,1
crimped,1
scapes,1
annunciation,3
tube,1
droops,1
petals,8
sparkling,2
fimbriatummilkandwine,1
lilyis,1
swordlike,1
pedunculatum,2
averaging,1
anthers,1
thirty,5
exquisitely,1
queer,2
stumplike,1
intervals,2
throws,3
spike,3
rounded,5
florida,6
grandolia,2
augustum,2
bushel,1
display,2
purplishred,1
satiny,1
largegrowing,1
strap,1
bluish,1
stripes,1
forced,2
aided,1
sleep,1
judicious,4
tempering,1
aulica,1
platypetala,1
periods,1
moderately,1
flaked,1
favourites,2
excels,1
johnsonii,2
collection,6
amarylli,1
tuberoses,3
substance,2
delayed,1
sixor,1
eightinch,1
brim,4
interfere,2
pearl,3
tuberose,1
leaved,1
_fourteen_,1
aquatics,2
feeling,1
associated,9
floriculture,1
seeing,1
pond,19
feels,1
tanks,2
cattle,1
piped,1
windmill,1
reeds,1
bamboos,2
flame,5
banks,1
stream,4
flowing,1
diverted,1
current,2
stagnation,1
waterplants,1
selecting,6
beside,1
excavating,2
decide,1
barrier,1
lead,3
heightened,1
evergreens,2
shore,1
arrest,1
focus,1
landscape,1
foreground,1
sagittarias,1
lacks,1
expensively,1
piping,1
reaching,5
basin,2
consistency,2
mortar,1
overflow,1
question,2
zinc,3
tub,5
watergarden,1
draintiles,1
sidewise,1
piling,1
tank,4
rockery,1
bamboo,5
papyrus,1
overtop,1
egyptian,3
ponds,6
imported,1
nymphæas,6
zanzibarenses,1
twelveinch,1
nelumbiums,1
belongs,1
american,7
peculiarity,2
rolls,1
quicksilver,1
cultivationthe,1
cape,2
cod,1
cupshaped,1
t,27
richardson,1
tepid,1
distributed,5
swollen,1
dartshaped,1
scene,4
lilypad,1
promise,1
warmat,1
60plant,1
nelumbium,1
because,3
venezuela,1
proved,1
rivers,2
seriously,1
interfering,1
navigation,1
appropriations,1
government,2
destruction,3
expand,1
bladder,1
trail,1
enter,2
pleasing,1
hyacinth,11
parrots,1
reed,2
tidier,1
papyrusthe,1
madeis,1
prefers,1
nurseries,1
bambusa,4
arundinacea,2
forty,2
sixty,1
maturity,1
b,6
aurea,3
metake,4
indoor,1
falcata,1
tiniest,1
objection,2
breed,2
mosquitoes,2
malaria,1
offensive,2
becoming,3
watera,1
pondwill,1
stagnant,1
breeding,1
_fifteen_,1
rosebed,5
flowerless,1
perpetuals,4
hybrid,2
teas,3
thorniness,2
discard,1
clings,1
sentiment,1
fullest,1
pruning,5
leafbuds,2
briers,1
collect,2
bleeding,3
fingers,2
bushes,2
wrap,3
shortened,1
canes,1
incumbrance,1
equals,1
express,2
intact,1
mailorder,1
_very,1
firm_,1
_hard_,1
_liquid,1
week_,1
injudicious,1
list,2
diagram,2
memorandum,1
enable,2
bud,1
monthly,1
clothespin,1
bending,1
rootpruning,1
severing,1
varied,1
enemies,4
ceaseless,1
warfare,1
waged,1
swelling,2
slugs,2
thrip,2
hopper,3
rosebugs,2
life,8
rosegrower,1
weariness,1
discarding,1
favour,1
darkgreen,1
wormeaten,1
weakness,1
training,2
roseslugs,2
feed,2
roll,1
web,7
140,8
pinching,3
crushing,1
yellowishwhite,1
sucking,1
juice,2
whaleoil,4
bugs,2
insecticide,2
poisoned,1
eating,3
roseleaves,2
pillows,1
poison,1
waterdipping,1
hotwater,6
invigorated,1
whites,2
kaiserin,3
augusta,3
victoria,3
r,5
coxealso,1
gruss,3
teplitzis,1
reds,2
profuse,1
loosepetalled,1
mediumsized,1
richest,1
robert,3
perry,3
creamy,4
certainty,1
rosecovered,1
_sixteen_,1
lilybed,4
control,1
foreigngrown,1
arrive,2
firstcomers,1
cullings,1
proceed,1
adjacent,1
chosen,2
drained,1
strict,2
pointonly,1
welldecomposed,1
lilium,9
candidum,3
ship,1
auratum,6
encasing,1
journey,1
none,1
rubrum,5
thawing,4
thawings,2
wormnests,1
ants,3
nests,2
occurs,2
reset,3
exercised,1
sound,2
speciosum,7
l,5
reflexed,2
band,1
peculiar,2
glistening,2
frosted,5
bearded,1
spotted,2
auratums,1
krameri,3
longiflorum,3
trumpets,1
giganteum,2
clusters,2
washingtonianum,3
bearing,1
grand,4
brownii,2
chocolatepurple,1
interior,1
wellselected,1
longiflorums,1
candidums,2
speciosums,1
cast,3
actual,5
welldrained,2
absorb,2
act,1
brace,1
springplanted,5
sets,3
safely,1
decemberwhen,1
axeand,1
acquired,1
stated,1
travellers,1
report,1
forests,1
interlacing,1
wooded,2
falling,2
_seventeen_,1
scillas,7
septemberabout,1
inst,1
northis,1
reaches,1
unprepared,1
happens,2
consign,2
preparing,3
blankets,1
floor,1
pack,1
dryrot,2
steampipes,1
tissue,1
shave,1
drug,1
sale,1
potatoes,1
firstclass,1
cellars,2
shelves,6
tables,2
flooron,1
swinging,1
frequented,1
rats,1
mice,1
floursacks,2
beam,1
post,1
ceiling,1
offer,2
played,1
occupants,1
lowered,1
preferred,1
slanting,1
freezes,1
providing,5
setbackif,1
injuryfrom,1
wholly,1
sloping,2
canvas,2
hooks,2
harmony,3
geometrical,1
squaresfour,1
hyacinthsand,1
blended,1
indefinitely,1
tulip,1
exhausted,2
expanded,2
chamber,1
cell,2
leadpencil,1
pearls,2
bursts,1
scilla,5
lengthens,1
heeledin,1
heelingin,2
snowdrop,1
cluster,1
move,1
schedule,1
continuously,1
polyanthus,2
lovelyespecially,1
emperor,4
empress,4
horsfieldi,4
sir,3
watkin,3
poeticus,4
p,205
ornatus,2
alba,6
plena,3
odorata,2
von,4
sion,4
chionodoxa,2
glory,8
introduction,1
asia,1
minor,1
aconite,3
goldenyellow,1
dogtooth,3
fritillarias,2
imperials,2
snowdrops,2
advertised,1
canada,1
michigan,1
illinois,1
minnesota,1
wisconsin,1
dakota,1
doubt,1
address,4
letter,1
inquiry,1
dealer,2
offering,2
suitability,1
climate,1
conclusion,1
field,1
undertake,1
narcissus,10
ornithogalum,3
arabicum,2
freesia,4
satisfaction,1
superbissima,3
baroness,3
thuyl,3
la,3
grandesse,3
norma,3
gigantea,3
roi,3
des,3
belges,3
ida,4
czar,3
peter,4
lilas,3
blues,1
snowwhite,1
perianth,1
welshman,4
clustered,1
windowgarden,2
tip,1
thereafter,1
shrivelledup,1
surprisingly,2
blasted,1
entrance,1
alliums,2
defects,2
bermuda,3
gourd,5
valueless,1
_eighteen_,1
commend,1
checked,2
establish,2
succumb,1
winterkill,1
apparently,1
withstand,1
recognise,1
mention,1
irises,1
depleted,1
german,6
homegrown,1
spiræas,4
exceeding,3
recognition,1
surmounted,1
pinkywhite,1
feathery,1
fragrantespecially,1
dew,1
moserianum,3
coloura,1
sunflower,4
rudbeckia,4
glow,2
eulogy,1
campion,3
chalcedonica,4
trusses,1
rivalling,1
combines,1
japonica,3
semperflorens,3
plenissima,2
dainty,1
toothed,1
viscaria,4
ragged,5
robin,5
fleurdelis,1
drives,2
bronze,1
sizeflowers,1
differ,1
disc,1
crimsonpurple,1
moles,9
liking,3
sinking,1
persistent,1
moletrapsone,1
caught,1
comparatively,2
salt,3
pork,2
bacon,2
rinds,1
buried,1
trap,2
nest,2
burrows,1
traversed,1
peonieswhat,1
requests,2
friends,1
neighbours,2
reluctant,1
coarsest,1
ruins,1
funkia,4
plantain,5
molested,1
likes,1
enlarging,1
profusely,1
lilacs,2
vice,1
suckering,1
backgrounds,2
lane,1
varies,1
althæas,2
sharon,2
happy,2
notion,1
doubly,1
welcome,1
lightcoloured,1
_nineteen_,1
robbed,1
complicate,1
harbour,1
mischief,1
chrysalids,2
direction,1
cutworm,1
lurks,1
borers,2
cocoons,2
hickory,2
tussockmoth,2
cabbageworm,2
tearose,1
tacked,1
eaves,1
drips,1
divert,1
shines,1
ruptures,1
plantcells,2
serious,1
protectionbetter,1
leavesas,1
lilya,1
airtight,2
pails,1
iron,1
kettles,1
frames,5
knocked,1
worse,1
recourse,1
mouldy,1
kills,1
protects,1
rosebushes,1
plantsas,1
likemaybe,1
arrange,1
rhododendrons,2
muslincovered,1
removable,1
lids,1
finishing,1
stretch,1
northwest,1
_twenty_,1
chilly,2
accustomed,1
crowd,1
breathe,2
bad,2
windowbracket,1
bougainvillea,2
december,1
familiar,2
araucaria,1
weight,1
chain,1
ease,1
security,1
copper,5
suspended,1
wiser,1
content,1
hope,2
transpiration,1
gathering,2
ignorance,1
drenched,1
indiscriminately,1
irrespective,1
whereas,1
natives,1
bogsas,1
callarequire,1
overwatered,1
wellripened,1
incapable,1
flowerpots,2
saturate,1
pota,1
penetrate,1
channels,2
opened,4
penetrates,1
soaked,1
sunloving,2
advice,7
fork,1
stir,1
lungs,1
breathing,2
moreover,1
stirring,2
flowerbeds,21
his,7
knowing,1
crust,1
shrinking,1
pores,1
sourness,1
succulentstemmed,1
merest,1
scratching,1
straggling,1
indicates,3
beware,1
thicknesses,1
windowframes,1
casing,2
sealed,1
pasted,1
immensely,1
stormwindows,1
warmed,2
door,1
thawed,1
darken,1
damaged,2
zero,1
reigned,1
moderated,1
32,8
seemingly,1
bourgeoned,1
wasted,1
unfavourable,1
33,2
precipitate,1
evil,1
avoidthe,1
rupture,1
spiders,2
formulas,5
insecticides,7
extermination,1
score,1
objections,2
formula,2
druggists,1
pounds,3
ounces,1
nitrate,1
soda,2
pound,5
phosphate,1
sulphate,4
potash,1
pulverise,1
rounding,1
tablespoonful,1
gallon,2
fertilise,1
teacupful,1
unmanageable,2
bounds,1
_twentyone_,1
nameas,1
moserianumonly,1
indexed,1
abyssinian,1
_musa_,1
adams,1
needle,1
_yucca_,2
_adlumia_,3
alum,1
_heuchera_,2
cowslip,2
_dodecatheon_,3
senna,1
_cassia_,2
amethyst,1
_browallia_,2
artillery,1
_pilea_,1
auroras,1
_gaillardia_,1
australian,1
_clianthus_,2
babys,1
breath,1
_gypsophila_,2
bachelors,1
button,1
_globe,2
amaranth_,2
apple,1
_momordica_,2
pear,1
_magnolia_,2
barrenwort,1
_epimedium_,2
gold,3
_alyssum_,3
_trillium_,4
beard,3
tongue,3
_pentstemon_,2
birds,2
_aspidium,1
nidusavis_,1
bishops,1
weed,2
_ægopodium_,1
susan,3
_thunbergia_,2
_dicentra_,2
_hæmanthus_,1
bluebottle,2
_centaurea_,6
_grape,2
hyacinth_,2
leadwort,1
_plumbago_,1
lyme,1
_elymus_,1
_s,1
patens_,1
vetch,2
bluet,1
_houstonia_,1
_ampelopsis_,2
bowmans,1
_gillenia_,1
bugle,2
_ajuga_,2
_calampelis_,1
_euonymus_,2
_centrosema_,3
_schizanthus_,4
orchid,2
_epidendrum_,1
_asclepias_,1
calico,2
_kalmia_,2
_eschscholtzia_,1
canterbury,1
bell,6
_campanula_,7
_h,1
candicans_,2
_lobelia_,1
castor,1
_ricinus_,1
cheneil,1
_acalypha_,2
chilian,1
_eccremocarpus_,2
chimney,1
_platycodon_,3
lantern,1
_physalis_,2
matrimony,1
_lycium_,1
_bougainvillea_,1
christmas,2
_ardisia_,1
_helleborus_,1
cinnamon,1
_dioscorea_,1
cinquefoil,1
_potentilla_,3
hawthorn,1
_actinidia_,1
cocks,1
comb,1
_celosia_,2
_aquilegia_,2
cone,1
_rudbeckia_,3
coral,1
_erythrina_,1
_primula_,2
cranes,1
bill,1
_geranium_,1
creeping,1
mallow,3
_callirhoe_,3
_coronilla_,2
cruel,1
_physianthus_,1
_cobæa_,2
cup,1
_nierembergia_,1
cushion,1
_armeria_,8
mullen,1
_verbascum_,1
_hemerocallis_,1
devilinthebush,1
_nigella_,2
buttercup,1
_ranunculus_,3
dropwort,1
_spiræa_,3
duck,3
_aristolochia_,2
dutchmans,2
breeches,1
_dielytra_,2
_cineraria_,1
edelweiss,1
_gnaphalium_,1
_asparagus_,1
daisy,7
_bellis_,3
_ipomœa_,5
_œnothera_,2
everlasting,9
_acroclinium_,1
_ammobium_,2
_helichrysum_,2
_lathyrus_,1
_rhodanthe_,2
_xeranthemum_,1
maids,1
france,3
false,3
chamomile,1
_boltonia_,2
dragon,1
_physostegia_,1
_baptisia_,2
feverfew,2
_matricaria_,1
_euphorbia_,8
_tritoma_,4
fleur,1
lis,1
_iris_,2
floras,1
brush,2
_cacalia_,2
rattle,1
_crotolaria_,3
_ageratum_,2
currant,1
_ribes_,1
dogwood,1
_cornus_,1
maple,1
_abutilon_,1
_salvia_,6
spurge,1
forgetmenot,1
_myosotis_,1
fountain,2
fouroclock,1
_marvel,1
peru_,1
gardeners,1
garter,1
_phalaris_,1
garland,1
_daphne_,2
gas,2
_dictamnus_,2
_liatris_,3
gilliflower,1
_cheiranthus_,1
globe,1
_trollius_,1
australia,1
goats,1
_wall,1
flower_,2
_pyrethrum_,3
honey,2
_mahernia_,2
goldenleaved,1
elder,1
_sambucus_,1
rod,1
_solidago_,1
tuft,1
_arundo,1
donax_,1
sea,3
_limonium_,1
groundsel,1
_glechoma_,1
hawks,1
_crepis_,1
holly,2
_cyrtomium_,1
horn,1
_datura_,3
horned,1
_glaucium_,1
mint,1
_monarda_,4
leek,1
_sempervivum_,1
humble,2
_mimosa_,2
_clematis,2
davidiana_,1
jacobean,1
_amaryllis_,4
jacobs,1
ladder,1
_polemonium_,1
quince,1
_pyrus_,1
beni,1
_caryopteris_,2
_humulus_,1
_cortusoidea_,1
_clematis_,2
cherry,2
jerusalem,2
_solanum_,1
_lychnis_,6
kenilworth,1
_linaria_,2
_pelargonium_,1
_delphinium_,4
_santolina_,1
pearlwort,1
_spergula_,1
_verbena_,4
leopard,1
_farfugium_,1
_syringa_,1
palace,2
_agapanthus_,1
bopeep,1
_antirrhinum_,3
liverwort,1
_hepatica_,1
london,1
tufts,1
_sweet,8
william_,1
grove,1
_nemophila_,1
_amaranthus_,1
lungwort,1
_martensia_,1
madagascar,1
periwinkle,3
_vinca_,8
maidenhair,1
_adiantum_,1
_hibiscus_,4
maltese,1
mariposa,1
_calochortus_,1
meadow,3
_rhexia_,1
star,2
mexican,2
michaelmas,1
daisies,2
_aster_,1
monkey,1
_mimulus_,2
_aconitum_,2
moon,1
moonpenny,1
_chrysanthemum_,3
moonwort,1
_honesty_,1
mosses,1
_selaginellas_,1
_phlox_,1
mother,1
_saxifrage_,2
fleece,1
_polygonum_,1
laurel,1
mourning,1
_scabiosa_,2
mouseear,1
chickweed,1
_cerastium_,2
moustache,1
musk,1
maid,1
_artemesia_,2
woman,3
_stigmaphyllon_,1
_papaver_,1
oswego,1
_salpiglossis_,2
pampas,1
_gynerium_,1
pancratium,1
_ismene,1
part_,1
passion,1
_passiflora_,1
peacock,1
_tigridia_,2
_exochorda_,1
peppermint,1
_mentha_,1
persian,1
pheasants,1
_adonis_,2
pincushion,1
_dianthus_,2
_funkia_,3
plume,1
_bocconia_,3
_calendula_,1
_rhodochiton_,1
_pennisetum_,2
purpleleaved,1
_prunus_,1
sailor,1
redhot,1
poker,1
rock,2
cress,1
_arabis_,1
madwort,1
heaven,1
_agrostemma_,1
_ficus_,1
palm,1
_cycas_,1
johns,2
wort,2
_hypericum_,1
bernards,1
_liliago_,1
_arenaria_,1
scarbrough,1
_valletta_,1
flax,3
_linum_,3
scarletfruited,2
_bryonopsis,1
gourds_,1
seal,1
segar,1
_cuphea_,1
shaking,1
_pteris_,1
shooting,1
_lonicera_,1
oak,1
_grevillea_,1
silver,1
_halesia_,1
_calceolaria_,1
_rhus_,1
sneezewort,1
_helenium_,1
snowball,1
_viburnum_,1
snowberry,1
_symphoricarpos_,1
_abrotanum_,1
speedwell,1
_veronica_,4
_cleome_,1
_uniola_,1
_claytonia_,1
starworts,1
_asters_,1
_sedum_,3
_gymnogramma_,1
_helianthus_,2
_portulaca_,2
swan,2
river,2
_brachycome_,2
olive,1
_olea_,1
sultan,1
thrift,1
toad,2
_castalia_,1
_nicotiana_,1
torch,1
celandine,1
_bignonia_,1
_cyperus_,1
comfrey,1
_symphytum_,1
venus,1
lookingglass,1
wake,1
waxhaw,1
_hoya_,1
_mesembryanthemum_,1
_chionanthus_,1
whitlow,1
_draba_,1
_echinocystis_,1
_anemone_,1
winged,1
wolfsbane,1
woodruff,1
_asperula_,1
youth,1
_zinnia_,1
_impatiens_,1
zebra,1
_eulalia_,2
_from,1
days_,7
ammobium,1
celosia,1
centaurea,2
cypress,1
gilla,1
lavatera,1
layia,1
elegans,2
leptosyne,1
maritima,2
marigold,1
mimulus,1
mina,1
lobata,1
sedum,1
silene,1
shasta,1
spherogyne,1
stevia,1
stockten,1
william,1
tradescantia,2
trifolium,1
tunica,1
verbascum,1
virginian,1
vittadinia,1
whitlavia,1
zinnia,1
_in,6
acacia,1
amaranthus,1
arabis,1
alpina,1
beta,1
brompton,1
bromus,1
browallia,1
cannabis,1
chelone,1
indicum,1
clitoria,1
coreopsis,1
lanceolata,1
crucianella,1
cuphea,2
cynoglossum,1
eupatorium,1
gaillardia,1
gypsophila,2
hablitzia,1
helenium,1
helianthus,1
helichrysum,1
iberis,1
gibraltarica,1
linaria,2
reticulata,1
lobelia,1
lupinus,2
malva,1
moschata,1
mathiola,1
mesembryanthemum,1
mignonette,1
nicotiana,2
picotee,1
salpiglossis,1
abutilon,1
agrostemma,1
armeria,2
campanula,7
capsicum,1
commelina,1
cœlestis,1
digitalis,1
dracocephalum,1
gaura,1
gnaphalium,1
syriacus,1
humulus,1
kaulfussia,1
morina,1
viola,2
papaver,1
pentstemon,1
poinsettia,1
potentilla,1
pyrethrum,1
tropæolum,1
valeriana,1
zea,1
achillea,1
alonsoa,1
argemone,1
artemisia,1
asphodelus,1
aubrietia,1
bidens,1
calandrinia,1
calonyction,1
galtonia,1
geum,1
helianthemum,1
ipomopsis,1
scutellaria,1
silphium,1
sylvestris,1
antigonon,2
per,2
callirhoe,1
tenorei,1
datura,1
didiscus,1
gazanopsis,1
mandevillea,1
nierembergia,1
peas,1
perilla,1
polemonium,1
ranunculus,1
thalictrum,1
torenia,1
venosa,1
acanthus,1
agapanthus,1
calla,1
dictamnus,2
sanguineum,2
hemerocallis,1
liatris,1
spicata,1
sinensis,1
rivina,1
humilis,1
smilax,1
robustum,1
baptisia,1
australis,1
berberis,1
vulgaris,1
fragilis,1
leutweiana,1
macrantha,1
nobilis,1
diversifolia,1
integrifolia,1
clianthus,1
dampieri,1
delphinium,1
nudicaule,1
gentiana,1
acaulis,1
speciosa,1
humea,1
musa,2
ensete,1
phormium,1
physianthus,1
tritoma,1
uvaria,1
yucca,1
_one,1
more_,1
anthericum,1
polyphyllus,1
foregoing,1
marks,1
limit,1
_twentytwo_,1
ttree,1
sshrub,1
vvine,1
h,278
phardy,2
aannual,1
eevergreen,1
_akebia,1
quinata_,1
v,11
_alyssum,3
argenteum_,3
_anemone,1
blanda_,1
_bellis,1
perennis_,1
e,28
_dicentrableeding,1
heart_,1
_dicentradutchmans,1
breeches_,1
_forsythiagolden,1
bells_,1
_sanguinariablood,2
root_,2
_uvulariabellwort_,1
_vinca,1
myrtle_,1
_violets,1
var_,3
saxatile_,1
_amsonia_,1
_aquilegia,1
_arumcuckoo,1
_aubretia_,1
_azalea_,1
_barberry_,1
_bellisenglish,1
daisy_,1
_callicarpa,1
japonica_,2
_calycanthussweet,1
shrub_,1
_chionanthuswhite,1
wings_,1
_convallarialily,1
valley_,1
_deutzia_,1
_doronicum_,2
_doubleflowered,3
almond_,1
crab_,1
peach_,1
_euonymusburning,1
bush_,2
_exochordapearl,1
_genista_,1
_halesiasnowdrop_,1
_hawthorn_,1
_honeysucklebush_,1
_iris,2
aurea_,1
siberica_,1
_lychnisred,1
campion_,1
_ornithogalumbulbous_,1
_phlox,3
subulata_,1
_polemoniumgreek,1
valerian_,1
_polyanthus_,1
_potentilla,1
august_,2
_primulaenglish,1
primrose_,2
_pulmonarialungwort_,1
_pyruscydonia,1
_ranunculus,1
half_,3
_rhododendrons_,1
_ribesflowering,1
currant_,1
_spiræa,4
filipendula_,1
thunbergi_,1
houttei_,1
_syringalilac_,1
_tamarix_,1
_viburnumsnowball_,1
_vincamyrtle_,1
_weigela_,1
_aconitummonkshood_,1
_alstromeriaperuvian,1
lily_,2
_anchusa_,2
_anthemis_,2
_anthericumst,1
brunos,1
_arum_,1
_astragalusmilk,1
vetch_,1
_buphthalmum_,1
_catalpa_,1
_centranthus_,2
_coreopsis_,2
_cornusdogwood_,1
_deutzia,1
gracilis_,1
_deutziapride,1
rochester_,1
_digitalis_,3
_dracocephalum_,2
_erigeron_,1
_hollyhock_,2
_honeysuckle_,1
_hydrangeaclimbing_,1
_jasminum_,1
_laburnum_,1
_lathyruseverlasting,1
pea_,2
_lilium,9
canadense_,1
candidum_,1
longiflorum_,1
_linden_,1
_locust_,1
_lychnis,3
chalcedonica_,1
coronaria_,1
gigantea_,1
_mountain,1
ash_,1
_papaverpoppy_,1
_pentstemon,1
_philadelphus_,1
_rhododendron_,1
_rose_,2
alyssum_,1
peas_,1
scabiosa_,2
sultan_,2
_violets_,1
_achillea_,2
_allium,1
angularis_,1
_asphodel_,2
_aster,1
alpinus_,1
_bignonia,1
radicans_,1
_candytuft_,2
_chrysanthemum,1
maximum_,1
_cobæa,2
scandens_,2
_cosmos_,3
_dahlia_,1
_evening,1
_irisjapanese_,1
auratum_,2
_perennial,1
phlox_,1
drummondi_,1
_statice_,3
_thalictrum_,1
_thymus_,1
_allium_,1
_carnation_,1
_clerodendron_,1
_dolichos_,1
_eupatorium_,2
_hydrangea,1
_hypericum,1
moserianum_,1
album_,1
melpomene_,1
roseum_,1
rubrum_,1
_lobelia,2
cardinalis_,2
perennial_,1
_silphium_,1
_althea_,1
_anemonequeen,1
charlotte_,1
_anemonewhirlwind_,1
_asters,1
paniculata_,1
_erianthus_,1
_gladiolus_,1
_golden,1
rod_,1
_hydrangea_,1
_pampas,1
_balsam_,1
_bartonia_,1
_begonia,2
tuberous_,1
vernon_,1
_canary,1
bird,1
vine_,2
_canna_,1
rhizomes,1
_clarkia_,1
_cleome,1
pungens_,1
_collinsia_,1
_cypress,1
_gloxinia_,1
_hyacinthus,1
_maurandya_,1
_nasturtium_,1
_pansy_,1
_petunia_,1
_vincetoxicum_,1
_twentythree_,1
beginners,1
overload,1
paraphernalia,1
enthusiasm,1
passes,1
successful,5
worker,2
realises,1
brains,1
worktable,2
pitchfork,1
hoe,1
yards,1
hatchet,1
sharpen,1
gloves,5
wirenetting,2
moletraps,1
real,3
necessaries,1
incidentals,1
wiresieves,1
lathscreens,1
shadeloving,2
fitting,1
tacking,1
windownetting,1
miniature,1
trespass,1
plantbrackets,1
attractiveness,2
materials,1
watchfulness,1
diseases,1
unpleasant,2
destroying,3
blister,1
jet,1
knocking,1
bug,6
louse,1
infests,1
existence,1
wings,1
remedies,5
sulphotobacco,2
soap,7
mealy,3
whitish,1
alcohol,1
bay,1
plentiful,1
thripssmall,1
yellowish,1
suck,1
caterpillars,1
finger,1
powdered,1
hellebore,1
buga,1
stripping,1
conspicuously,1
earthworms,1
limewater,1
york,5
agricultural,1
station,1
_normal,1
cent,1
mixture_,1
vitriol,1
quicklime,1
lime,2
dissolve,2
bag,1
dissolved,2
dilute,2
slake,1
adhere,1
_kerosene,1
emulsion_,1
½,1
churn,1
forcepump,1
unite,1
buttermilk,1
_parisgreen,1
solution_,1
_hotwater,1
bath_,1
cleanses,1
cools,1
136,18
mittens,2
sold,1
household,1
ruinous,2
needless,1
discomfort,1
spout,1
mornings,1
raises,1
perplexities,1
vexing,1
discouraging,2
repeatedly,1
filthy,1
conducive,1
fowls,1
dooryard,1
houseyards,1
isolated,1
premises,1
inconvenient,2
inclosed,1
fowl,1
plymouth,1
rocks,1
fourfoot,1
leghorns,1
alight,1
cucumbers,1
_twentyfour_,1
donts,2
dont,18
forget,4
gardena,1
inviting,1
disaster,1
ahead,1
unsuccessful,1
person,6
sounds,1
garrulous,1
adverse,3
criticism,3
judgment,2
tells,1
deserved,1
knows,1
elses,1
flowergarden,4
principal,4
wheedled,1
spoiling,1
whom,3
suggest,2
he,5
rob,1
meaning,3
awhile,1
outright,1
imposed,3
learns,1
steer,1
mutilated,1
legitimate,1
prey,1
expectation,1
told,1
remark,1
spend,2
money,5
unnecessary,1
tell,1
foolish,1
impressed,1
friendship,1
society,1
chronic,1
plantbeggar,1
lend,1
patronage,1
generosity,1
hint,1
obligation,1
unfitness,1
tired,1
spared,1
guilty,1
petty,1
meanness,1
plantbeggars,1
jot,1
attend,1
ways,5
embarrassed,1
sick,1
girl,1
party,2
matron,1
luncheon,1
church,1
service,2
funeral,1
tact,1
taste,1
recipient,1
sickroom,2
cheer,1
daffodils,2
bunch,1
hepaticas,2
invalid,1
unfolding,1
uses,1
studying,1
haphazard,1
successes,1
meet,2
education,1
magazines,2
workers,1
clothing,2
shoesnot,1
rundown,1
pairshould,1
skirts,3
instep,1
comfortably,2
waists,1
armholes,1
collar,1
comfort,3
accomplishment,1
clad,1
denim,1
style,1
ankle,1
comfortable,2
shirtwaistsdenim,1
warmmake,1
outfit,1
alphabetical,1
index,2
96,16
63,7
64,5
92,15
191,29
hints,17
254,4
253,9
allegheny,3
46,32
129,11
119,10
34,4
35,12
81,9
88,10
91,23
94,18
101,7
121,13
102,12
47,5
205,6
192,44
194,5
altheas,1
201,16
202,4
206,6
155,3
162165,1
162,6
163,5
178,14
25,13
128,5
207,2
193,7
98111,2
53,6
197,18
snapdragons,1
93,15
98,13
99,19
firefly,2
niobe,2
181,9
234,1
165172,1
49,6
246,12
65,5
215,5
manage,1
216,5
43,4
247,11
97,3
asterbeds,1
fertilising,3
maintaining,2
209,5
240242,1
184,1
171,11
116,9
rind,1
200,7
103,10
146,1
66,12
39,13
48,7
58,20
67,5
9294,1
117,7
150,15
245,6
68,6
151,12
195,4
supporting,1
139,7
hedges,2
appreciated,1
248,11
slaughterhouses,1
28,6
234244,4
27,7
115,4
244,2
249,6
198,14
203,9
208,5
132,7
147,6
outdoors,1
188,9
preserving,4
84,11
4147,2
204,9
149,10
edible,2
22,3
89,7
185,3
186,8
gorgeousness,1
delicacy,1
74,6
61,8
182,11
29,4
110,8
141,4
142,8
148,5
187,8
185187,1
papa,2
37,18
carnationframes,1
72,4
7072,1
76,7
250,8
71,3
73,8
layerings,1
144,9
131,3
111,13
251,4
252,10
126,4
127,2
boxing,1
cinder,1
62,5
69,4
143,6
137139,1
138,9
137,7
257,3
cloverroot,1
108,10
38,10
pansyseed,2
59,6
104,6
105,5
217233,3
composition,2
51,3
44,8
23,11
155162,1
161,5
157,2
160,4
159,6
fimbriatum,2
156,3
rootgrowth,1
158,2
wintering,2
189,10
190,7
9096,1
lists,1
42,11
168,7
jardinières,1
d,3
256,5
106,5
107,8
1114,1
253257,1
pansybeds,1
118,7
f,1
2329,1
217,2
183,5
sashes,2
210,3
232,1
233,1
141146,2
214,4
freshair,1
213,5
treat,2
g,1
316,1
clearing,1
gardenwalks,1
measuring,1
20,3
irregularity,1
78,9
7678,1
8992,1
developing,1
211,3
pelargonium,2
77,7
souvenir,2
199,8
228232,2
41,4
152,9
153,10
gladiolusbeds,1
gloxiniacuttings,1
6062,1
79,5
122,10
133,6
teplitz,2
196,11
definition,1
80,5
107109,1
yearly,1
109,7
sixyear,1
5456,1
57,4
hilling,1
208216,1
6287,1
3037,1
31,3
36,4
3134,1
airing,1
hotbedsashes,1
170,10
246252,1
rosebud,1
177,8
166,3
deserves,1
134,5
237,1
239,1
240,1
176,9
k,1
ladyslipper,1
8183,1
description,2
83,5
82,3
involved,1
21,3
179184,2
180,9
179,3
169,4
cementing,1
167,2
165,2
diverting,1
172,2
waterponds,1
26,3
preparation,3
24,1
manurebarrel,1
235,1
236,1
milkandwine,1
traps,1
flour,1
19,3
n,1
odoratus,2
45,6
cannabeds,1
168170,1
o,3
245252,1
154,8
pæonia,1
85,5
112118,1
112,5
113,4
114,1
pansybed,3
112119,1
peonybeds,1
perennialbeds,1
8385,1
3436,2
learning,1
95,6
212,3
transplantation,1
117119,1
shirley,2
poppyseed,1
pottingsoil,1
86,7
87,4
aids,1
q,1
term,2
56,2
173178,2
175,8
rosebug,1
rosecuttings,1
rosehopper,1
thrips,1
althea,1
173,4
174,8
labor,1
objectionable,1
coxe,2
rubberplants,2
sprinklers,1
120,6
3840,1
crocuses,1
scytheboxes,1
seedplanting,1
30,2
4852,1
uselessness,1
242,1
243,2
1722,1
122124,1
124,3
123,3
ephemeral,1
54,2
trapping,1
irisbeds,1
gladiolabed,1
164,2
u,1
124127,1
125,6
cannabed,1
128140,1
w,3
8897,1
windowsashes,1
203207,1
protectors,1
z,1
library,3
_vol,3
i_,1
_the,3
home_,1
ii_,1
orchard,2
garden_,2
iii_,1
binding,1
_3,1
vols,1
postpaid,4
500,1
net,4
450_,1
arthur,1
stanwood,1
pier,1
author,6
pedagogues,1
triumph,3
pathos,1
romance,5
exhilarating,1
humor,1
capital,1
story,7
readers,1
hero,2
doctor,1
neal,1
robeson,1
final,1
triumphhis,1
himself,1
lawless,1
turbulent,2
oildrillers,2
profession,1
affair,1
displays,1
appreciation,1
typical,1
characters,5
outlook,1
everyday,2
storytelling,1
ability,1
thrilling,1
picturesque,1
western,1
pennsylvania,1
village,1
oil,1
fever,1
mr,5
piers,1
fight,1
outraged,1
villagers,1
roaring,1
blazing,1
masterpiece,1
telling,2
_illustrations,1
stevens_,1
12mo,5
mcclure,6
phillips,6
co,6
_by,3
powell,2
vol,3
1_,1
yourself,1
profit,2
homestead,1
chapters,1
brimful,1
anyone,5
illustrated,2
2_,1
volume,1
vein,2
fruitbearing,1
fruits,1
invaluable,1
dweller,1
yorks,1
prize,1
fruitgrowers,1
bennett,1
3_,1
handbook,1
lore,1
imlay,1
taylor,1
wizard,1
rebellion,1
onrushing,1
inevitable,1
page,4
exciting,1
romantic,2
satisfying,1
novel,3
moscow,1
election,1
intrigues,1
rival,1
parties,1
overturned,1
national,1
hideous,1
riot,1
miss,3
taylors,1
staircase,1
scenes,2
nobleman,1
townsend,2
chimmie,2
fadden,2
lees,1
leaven,1
portrayed,1
faithfully,1
vividly,1
world,4
gothamthe,1
seething,1
rushing,1
looks,1
curious,1
picture,1
bustling,1
nerveracking,1
pageant,1
titan,1
struggles,1
finance,1
huge,1
hoaxes,1
sensational,1
newspaperdom,1
theatre,1
opera,1
restaurant,1
calmer,1
comforting,1
domestic,1
wholesome,1
actualities,1
maelstrom,1
finds,1
bountiful,1
array,2
emotional,1
excitable,1
bannister,1
gertrude,1
carr,1
townsends,1
intimate,1
crockett,2
banner,1
firebrand,1
intrigue,1
mountains,1
drama,1
deals,1
calvinists,1
belgium,1
besieged,1
fastness,1
troops,1
historical,1
figure,1
maintenon,1
crocketts,1
women,1
notable,1
edith,1
wyatt,2
comedy,1
affections,1
commonplace,6
tread,1
geniuses,1
heroes,1
heroines,1
persons,1
tricks,1
manners,1
emotions,1
sense,1
weave,1
doings,1
human,1
reader,1
humorous,1
satire,1
keen,1
subtle,1
refined,1
permeating,1
characterization,1
wyatts,1
transcribers,1
silently,1
corrected,1
typographical,1
errors,2
anachronistic,1
nonstandard,1
spellings,1
printed,3
project,84
gutenberg,27
ebook,6
file,2
named,1
546060txt,1
546060zip,1
files,2
formats,2
httpwwwgutenbergorgdirs546054606,1
updated,1
editions,4
previous,1
onethe,1
renamed,1
works,32
print,1
copyright,19
law,7
owns,2
united,13
copy,11
distribute,6
permission,7
royalties,2
rules,2
terms,20
license,14
copying,4
distributing,7
gutenbergtm,56
electronic,27
concept,2
trademark,11
registered,2
charge,6
ebooks,7
specific,1
copies,7
complying,3
creation,1
derivative,3
reports,1
performances,1
research,2
modified,1
awayyou,1
redistribution,2
please,3
read,3
mission,4
distribution,6
phrase,4
agree,9
comply,6
online,3
wwwgutenbergorglicense,1
redistributing,2
1a,1
reading,1
accept,1
intellectual,2
trademarkcopyright,1
agreement,18
abide,1
cease,1
possession,1
fee,8
refund,10
entity,3
paragraph,11
1e8,4
1b,1
1c,2
1e,2
literary,13
archive,13
pglaf,1
compilation,1
domain,2
located,5
claim,1
performing,3
displaying,4
based,2
references,2
sharing,1
compliance,5
format,4
share,1
1d,1
laws,9
govern,1
countries,1
downloading,1
representations,1
status,4
1e1,5
sentence,2
links,3
prominently,2
accessed,1
displayed,1
performed,1
viewed,1
copied,2
anywhere,1
restrictions,1
whatsoever,1
reuse,1
wwwgutenbergorg,4
youll,1
1e2,1
derived,1
texts,1
indicating,1
posted,4
holder,4
fees,4
charges,1
paragraphs,3
1e7,3
1e9,3
1e3,1
linked,1
1e4,1
unlink,1
detach,1
1e5,1
perform,1
redistribute,1
1e6,1
convert,1
binary,1
compressed,1
nonproprietary,1
proprietary,1
processing,1
hypertext,1
plain,2
vanilla,2
ascii,2
official,3
version,1
user,3
exporting,1
request,1
include,1
specified,2
viewing,1
royalty,3
gross,1
profits,1
derive,1
calculated,1
calculate,1
applicable,3
taxes,1
owed,1
agreed,1
donate,3
payments,3
legally,1
periodic,1
tax,6
clearly,1
donations,15
notifies,1
writing,3
email,3
receipt,2
physical,2
discontinue,1
accordance,2
1f3,5
replacement,5
defect,3
reported,1
llc,1
1f,1
1f1,1
volunteers,6
employees,2
expend,1
identify,1
transcribe,1
proofread,1
despite,1
incomplete,1
inaccurate,1
corrupt,1
transcription,1
infringement,1
defective,3
disk,1
computer,2
virus,1
codes,1
equipment,3
1f2,1
warranty,2
disclaimer,3
damages,4
described,1
disclaim,1
liability,3
costs,2
expenses,2
legal,2
negligence,1
breach,2
contract,1
distributor,1
indirect,1
consequential,1
punitive,1
incidental,1
possibility,1
discover,1
receiving,1
explanation,2
elect,1
lieu,2
electronically,2
demand,1
opportunities,1
fix,1
problem,1
1f4,1
asis,1
warranties,3
implied,2
merchantability,1
fitness,1
1f5,1
disclaimers,1
exclusion,1
limitation,3
types,1
violates,1
interpreted,1
invalidity,1
unenforceability,1
void,1
provisions,1
1f6,1
indemnity,1
indemnify,1
agent,1
employee,1
promotion,1
harmless,1
arise,1
indirectly,1
alteration,1
modification,1
additions,1
deletions,1
synonymous,1
readable,2
widest,2
computers,2
obsolete,1
middleaged,1
financial,1
critical,1
gutenbergtms,1
goals,1
ensuring,1
2001,1
created,2
non,1
501c3,1
educational,1
corporation,1
organized,1
mississippi,1
granted,1
exempt,2
internal,1
revenue,1
ein,1
federal,2
identification,1
646221541,1
contributions,2
deductible,1
office,2
fairbanks,2
alaska,1
mailing,1
po,1
750175,1
ak,1
99775,1
business,1
809,1
1500,1
lake,1
ut,1
84116,1
801,1
5961887,1
wwwgutenbergorgcontact,1
dr,1
gregory,1
newby,1
executive,1
director,1
gbnewbypglaforg,1
licensed,1
machine,1
outdated,1
5000,1
irs,1
committed,1
regulating,1
charities,1
charitable,1
paperwork,1
confirmation,1
wwwgutenbergorgdonate,2
solicitation,1
prohibition,1
accepting,1
unsolicited,1
donors,1
international,1
gratefully,1
accepted,2
statements,1
swamp,1
staff,1
pages,1
donation,1
addresses,1
credit,1
card,1
professor,1
michael,1
hart,1
originator,1
shared,1
volunteer,1
confirmed,1
necessarily,1
edition,1
pg,1
facility,1
includes,1
subscribe,1
newsletter,1
hear,1
